grid_id,小区均价,总建面,容积率,绿化率
0,0.0,0.0,0.0,0.0
1,0.0,0.0,0.0,0.0
2,0.0,0.0,0.0,0.0
3,0.0,0.0,0.0,0.0
4,0.0,0.0,0.0,0.0
5,0.0,0.0,0.0,0.0
6,0.0,0.0,0.0,0.0
7,0.0,0.0,0.0,0.0
8,0.0,0.0,0.0,0.0
9,0.0,0.0,0.0,0.0
10,0.0,0.0,0.0,0.0
11,0.0,0.0,0.0,0.0
12,0.0,0.0,0.0,0.0
13,0.0,0.0,0.0,0.0
14,0.0,0.0,0.0,0.0
15,0.0,0.0,0.0,0.0
16,0.0,0.0,0.0,0.0
17,0.0,0.0,0.0,0.0
18,0.0,0.0,0.0,0.0
19,73681.0,300000.0,1.6,0.35
20,0.0,0.0,0.0,0.0
21,0.0,0.0,0.0,0.0
22,0.0,0.0,0.0,0.0
23,74708.0,230000.0,0.5,0.25
24,79244.0,71940.0,1.8,0.35
25,0.0,0.0,0.0,0.0
26,0.0,0.0,0.0,0.0
27,0.0,0.0,0.0,0.0
28,0.0,0.0,0.0,0.0
29,71487.0,150000.0,2.2,0.4
30,0.0,0.0,0.0,0.0
31,0.0,0.0,0.0,0.0
32,0.0,0.0,0.0,0.0
33,0.0,0.0,0.0,0.0
34,0.0,0.0,0.0,0.0
35,0.0,0.0,0.0,0.0
36,0.0,0.0,0.0,0.0
37,0.0,0.0,0.0,0.0
38,0.0,0.0,0.0,0.0
39,0.0,0.0,0.0,0.0
40,0.0,0.0,0.0,0.0
41,0.0,0.0,0.0,0.0
42,0.0,0.0,0.0,0.0
43,0.0,0.0,0.0,0.0
44,87198.0,0.0,1.6,0.35
45,0.0,0.0,0.0,0.0
46,0.0,0.0,0.0,0.0
47,0.0,0.0,0.0,0.0
48,0.0,0.0,0.0,0.0
49,0.0,0.0,0.0,0.0
50,0.0,0.0,0.0,0.0
51,115502.0,220000.0,2.5,0.45
52,0.0,0.0,0.0,0.0
53,0.0,0.0,0.0,0.0
54,71809.0,52141.0,1.4,0.25
55,0.0,0.0,0.0,0.0
56,0.0,0.0,0.0,0.0
57,0.0,0.0,0.0,0.0
58,0.0,0.0,0.0,0.0
59,0.0,0.0,0.0,0.0
60,0.0,0.0,0.0,0.0
61,0.0,0.0,0.0,0.0
62,0.0,0.0,0.0,0.0
63,0.0,0.0,0.0,0.0
64,0.0,0.0,0.0,0.0
65,0.0,0.0,0.0,0.0
66,0.0,0.0,0.0,0.0
67,0.0,0.0,0.0,0.0
68,0.0,0.0,0.0,0.0
69,0.0,0.0,0.0,0.0
70,0.0,0.0,0.0,0.0
71,0.0,0.0,0.0,0.0
72,0.0,0.0,0.0,0.0
73,0.0,0.0,0.0,0.0
74,0.0,0.0,0.0,0.0
75,0.0,0.0,0.0,0.0
76,0.0,0.0,0.0,0.0
77,0.0,0.0,0.0,0.0
78,0.0,0.0,0.0,0.0
79,0.0,0.0,0.0,0.0
80,0.0,0.0,0.0,0.0
81,0.0,0.0,0.0,0.0
82,0.0,0.0,0.0,0.0
83,0.0,0.0,0.0,0.0
84,0.0,0.0,0.0,0.0
85,0.0,0.0,0.0,0.0
86,0.0,0.0,0.0,0.0
87,0.0,0.0,0.0,0.0
88,0.0,0.0,0.0,0.0
89,0.0,0.0,0.0,0.0
90,0.0,0.0,0.0,0.0
91,0.0,0.0,0.0,0.0
92,0.0,0.0,0.0,0.0
93,0.0,0.0,0.0,0.0
94,0.0,0.0,0.0,0.0
95,0.0,0.0,0.0,0.0
96,0.0,0.0,0.0,0.0
97,0.0,0.0,0.0,0.0
98,0.0,0.0,0.0,0.0
99,0.0,0.0,0.0,0.0
100,0.0,0.0,0.0,0.0
101,69551.0,0.0,1.9,0.25
102,78400.5,7780.0,3.2,0.32499999999999996
103,122563.6,39000.0,1.5,0.292
104,89504.88888888889,23133.333333333332,1.6888888888888889,0.26333333333333336
105,87029.5,30000.0,1.975,0.3175
106,123604.33333333333,120000.0,3.6999999999999997,0.2833333333333334
107,91541.66666666667,0.0,1.2333333333333334,0.2
108,108137.0,0.0,2.5,0.15
109,150879.0,66000.0,2.466666666666667,0.31666666666666665
110,109105.5,0.0,1.6,0.32499999999999996
111,92177.16666666667,5874.0,1.2,0.23666666666666666
112,0.0,0.0,0.0,0.0
113,77718.0,12000.0,1.415,0.375
114,0.0,0.0,0.0,0.0
115,0.0,0.0,0.0,0.0
116,119101.0,0.0,4.0,0.41
117,0.0,0.0,0.0,0.0
118,0.0,0.0,0.0,0.0
119,0.0,0.0,0.0,0.0
120,121452.0,0.0,3.8,0.3
121,121527.0,20000.0,5.6,0.3
122,0.0,0.0,0.0,0.0
123,0.0,0.0,0.0,0.0
124,121164.0,0.0,1.2,0.2
125,0.0,0.0,0.0,0.0
126,112935.375,1185.0,1.2375,0.32
127,106445.5,0.0,1.6,0.3
128,92079.75,123600.0,2.15,0.25925
129,0.0,0.0,0.0,0.0
130,91024.0,206666.66666666666,1.72,0.294
131,116854.5,200000.0,2.6,0.22499999999999998
132,81644.07142857143,10000.0,1.6500000000000001,0.2571428571428572
133,86063.4,15000.0,2.2399999999999998,0.2926
134,96947.33333333333,0.0,1.8633333333333333,0.3532666666666667
135,96253.0,52500.0,2.5833333333333335,0.26666666666666666
136,83159.625,69262.66666666667,1.9125,0.31875
137,104856.5,57500.0,2.35,0.27749999999999997
138,88058.83333333333,27200.0,2.361666666666667,0.30833333333333335
139,82324.625,40905.75,1.7625,0.29375
140,103218.0,0.0,2.5,0.32
141,89544.0,0.0,2.75,0.35
142,0.0,0.0,0.0,0.0
143,120222.4,9000.0,1.22,0.23399999999999999
144,120223.83333333333,92207.0,1.4666666666666668,0.2791666666666667
145,162289.2,190000.0,2.9,0.28200000000000003
146,116191.3,4110.0,1.41,0.28700000000000003
147,126350.4,13980.0,2.512,0.25
148,111567.75,8766.666666666666,0.7999999999999999,0.3685714285714286
149,135553.45,13690.333333333334,1.3495,0.275
150,0.0,0.0,0.0,0.0
151,121685.875,1800.0,1.5,0.31625
152,0.0,0.0,0.0,0.0
153,115505.18181818182,31058.0,1.3436363636363635,0.337
154,132454.25,8700.0,1.4,0.21000000000000002
155,130214.88888888889,7906.0,1.088888888888889,0.25
156,135914.8,7061.0,0.9186666666666666,0.27133333333333337
157,115157.46153846153,2466.6666666666665,1.2999999999999998,0.29923076923076924
158,153197.66666666666,80000.0,1.5666666666666667,0.3666666666666667
159,123118.5,2940.0,0.45,0.275
160,0.0,0.0,0.0,0.0
161,130703.25,16927.666666666668,1.425,0.2758333333333333
162,131616.33333333334,17000.0,1.9000000000000001,0.31666666666666665
163,0.0,0.0,0.0,0.0
164,128694.0,6395.0,1.210625,0.2885714285714286
165,109936.83333333333,34000.0,1.1333333333333333,0.2816666666666667
166,0.0,0.0,0.0,0.0
167,0.0,0.0,0.0,0.0
168,0.0,0.0,0.0,0.0
169,0.0,0.0,0.0,0.0
170,0.0,0.0,0.0,0.0
171,64172.0,145000.0,1.6,0.4
172,0.0,0.0,0.0,0.0
173,0.0,0.0,0.0,0.0
174,0.0,0.0,0.0,0.0
175,0.0,0.0,0.0,0.0
176,0.0,0.0,0.0,0.0
177,0.0,0.0,0.0,0.0
178,0.0,0.0,0.0,0.0
179,0.0,0.0,0.0,0.0
180,0.0,0.0,0.0,0.0
181,0.0,0.0,0.0,0.0
182,0.0,0.0,0.0,0.0
183,0.0,0.0,0.0,0.0
184,0.0,0.0,0.0,0.0
185,0.0,0.0,0.0,0.0
186,0.0,0.0,0.0,0.0
187,78291.0,86000.0,1.5,0.3
188,0.0,0.0,0.0,0.0
189,84077.66666666667,43750.0,2.433333333333333,0.3
190,0.0,0.0,0.0,0.0
191,57712.0,0.0,1.2,0.3
192,57285.0,0.0,1.2,0.28
193,0.0,0.0,0.0,0.0
194,0.0,0.0,0.0,0.0
195,0.0,0.0,0.0,0.0
196,0.0,0.0,0.0,0.0
197,0.0,0.0,0.0,0.0
198,0.0,0.0,0.0,0.0
199,0.0,0.0,0.0,0.0
200,0.0,0.0,0.0,0.0
201,0.0,0.0,0.0,0.0
202,0.0,0.0,0.0,0.0
203,0.0,0.0,0.0,0.0
204,0.0,0.0,0.0,0.0
205,0.0,0.0,0.0,0.0
206,0.0,0.0,0.0,0.0
207,0.0,0.0,0.0,0.0
208,0.0,0.0,0.0,0.0
209,72945.33333333333,26000.0,1.4000000000000001,0.37333333333333335
210,60525.5,0.0,5.0,0.3
211,65775.0,381000.0,1.85,0.32499999999999996
212,65574.0,15000.0,1.33,0.3
213,66973.0,8545.0,1.8,0.35
214,0.0,0.0,0.0,0.0
215,76721.0,0.0,1.5,0.4
216,0.0,0.0,0.0,0.0
217,62825.0,0.0,2.1,0.3
218,0.0,0.0,0.0,0.0
219,64228.0,30000.0,4.2,0.35
220,63536.0,5412.0,3.0,0.3
221,69738.0,5545.0,2.1,0.36
222,62916.0,2000.0,2.0,0.3
223,0.0,0.0,0.0,0.0
224,0.0,0.0,0.0,0.0
225,96567.0,0.0,1.26,0.35
226,81654.0,47000.0,1.2,0.45
227,0.0,0.0,0.0,0.0
228,0.0,0.0,0.0,0.0
229,64357.666666666664,8516.666666666666,1.7333333333333334,0.3
230,75555.0,17000.0,1.9,0.3
231,0.0,0.0,0.0,0.0
232,80456.5,24000.0,1.5499999999999998,0.345
233,65341.5,16000.0,2.7,0.35
234,99213.5,0.0,1.525,0.33999999999999997
235,0.0,0.0,0.0,0.0
236,74137.0,0.0,2.2,0.4
237,112931.0,34480.0,1.6,0.35
238,0.0,0.0,0.0,0.0
239,66514.0,0.0,3.4,0.35
240,102630.0,220000.0,1.22,0.366
241,0.0,0.0,0.0,0.0
242,0.0,0.0,0.0,0.0
243,0.0,0.0,0.0,0.0
244,0.0,0.0,0.0,0.0
245,0.0,0.0,0.0,0.0
246,105039.5,0.0,3.1,0.32499999999999996
247,0.0,0.0,0.0,0.0
248,100621.0,150000.0,0.36,0.64
249,91417.0,0.0,2.5,0.36
250,0.0,0.0,0.0,0.0
251,0.0,0.0,0.0,0.0
252,0.0,0.0,0.0,0.0
253,62165.0,3800.0,2.0,0.38
254,60556.0,30000.0,1.6,0.35
255,0.0,0.0,0.0,0.0
256,0.0,0.0,0.0,0.0
257,0.0,0.0,0.0,0.0
258,0.0,0.0,0.0,0.0
259,0.0,0.0,0.0,0.0
260,0.0,0.0,0.0,0.0
261,0.0,0.0,0.0,0.0
262,62833.5,23825.0,1.505,0.32499999999999996
263,0.0,0.0,0.0,0.0
264,0.0,0.0,0.0,0.0
265,0.0,0.0,0.0,0.0
266,61179.0,13000.0,2.1,0.35
267,0.0,0.0,0.0,0.0
268,0.0,0.0,0.0,0.0
269,0.0,0.0,0.0,0.0
270,0.0,0.0,0.0,0.0
271,92664.0,0.0,1.1,0.35
272,0.0,0.0,0.0,0.0
273,50400.0,0.0,1.8,0.35
274,0.0,0.0,0.0,0.0
275,0.0,0.0,0.0,0.0
276,0.0,0.0,0.0,0.0
277,0.0,0.0,0.0,0.0
278,0.0,0.0,0.0,0.0
279,93852.0,148000.0,1.3,0.35
280,0.0,0.0,0.0,0.0
281,73401.0,0.0,2.1,0.35
282,0.0,0.0,0.0,0.0
283,0.0,0.0,0.0,0.0
284,85837.0,32435.0,1.2,0.4
285,0.0,0.0,0.0,0.0
286,0.0,0.0,0.0,0.0
287,0.0,0.0,0.0,0.0
288,0.0,0.0,0.0,0.0
289,0.0,0.0,0.0,0.0
290,0.0,0.0,0.0,0.0
291,0.0,0.0,0.0,0.0
292,64511.0,3000.0,1.5,0.26
293,0.0,0.0,0.0,0.0
294,66695.5,5166.0,1.5,0.35
295,0.0,0.0,0.0,0.0
296,0.0,0.0,0.0,0.0
297,0.0,0.0,0.0,0.0
298,0.0,0.0,0.0,0.0
299,0.0,0.0,0.0,0.0
300,0.0,0.0,0.0,0.0
301,0.0,0.0,0.0,0.0
302,0.0,0.0,0.0,0.0
303,0.0,0.0,0.0,0.0
304,0.0,0.0,0.0,0.0
305,84886.0,0.0,2.5,0.35
306,0.0,0.0,0.0,0.0
307,93844.0,238000.0,1.3,0.4
308,64922.0,32102.0,1.4,0.35
309,67843.0,0.0,2.2,0.3
310,97050.0,17400.0,1.82,0.4
311,0.0,0.0,0.0,0.0
312,48892.0,84600.0,2.0,0.22499999999999998
313,88735.0,9854.0,1.2,0.35
314,0.0,0.0,0.0,0.0
315,0.0,0.0,0.0,0.0
316,0.0,0.0,0.0,0.0
317,0.0,0.0,0.0,0.0
318,0.0,0.0,0.0,0.0
319,136502.0,270000.0,1.42,0.504
320,0.0,0.0,0.0,0.0
321,0.0,0.0,0.0,0.0
322,0.0,0.0,0.0,0.0
323,0.0,0.0,0.0,0.0
324,0.0,0.0,0.0,0.0
325,0.0,0.0,0.0,0.0
326,0.0,0.0,0.0,0.0
327,0.0,0.0,0.0,0.0
328,130276.0,270000.0,1.31,0.504
329,85185.5,266916.5,2.14,0.25
330,0.0,0.0,0.0,0.0
331,91158.0,6000.0,1.2,0.35
332,0.0,0.0,0.0,0.0
333,66439.75,3500.0,1.825,0.2875
334,72251.0,15750.0,2.25,0.35
335,0.0,0.0,0.0,0.0
336,63683.2,120000.0,1.28,0.32
337,58011.0,0.0,2.0,0.35
338,0.0,0.0,0.0,0.0
339,60926.333333333336,64000.0,1.5333333333333332,0.3233333333333333
340,61573.5,0.0,1.6,0.35
341,0.0,0.0,0.0,0.0
342,0.0,0.0,0.0,0.0
343,0.0,0.0,0.0,0.0
344,0.0,0.0,0.0,0.0
345,0.0,0.0,0.0,0.0
346,0.0,0.0,0.0,0.0
347,0.0,0.0,0.0,0.0
348,0.0,0.0,0.0,0.0
349,66993.0,4800.0,2.335,0.36
350,0.0,0.0,0.0,0.0
351,62346.0,60000.0,2.766666666666667,0.2333333333333333
352,71692.0,35000.0,2.0,0.2
353,70564.0,6000.0,1.9,0.35
354,96798.0,38000.0,1.7,0.4
355,64750.0,20000.0,1.5,0.25
356,78859.66666666667,53964.5,1.5,0.39666666666666667
357,61343.0,255680.0,1.6666666666666667,0.25666666666666665
358,80637.5,8954.0,2.75,0.35
359,0.0,0.0,0.0,0.0
360,74406.66666666667,82000.0,0.9,0.2333333333333333
361,68057.66666666667,64825.333333333336,1.9666666666666668,0.32
362,0.0,0.0,0.0,0.0
363,74181.0,69000.0,1.2,0.45
364,48847.333333333336,0.0,1.5,0.26666666666666666
365,0.0,0.0,0.0,0.0
366,0.0,0.0,0.0,0.0
367,78267.0,30000.0,3.6,0.5
368,0.0,0.0,0.0,0.0
369,0.0,0.0,0.0,0.0
370,0.0,0.0,0.0,0.0
371,79722.0,0.0,1.2,0.5
372,74552.0,1400.0,1.2,0.49
373,82625.0,0.0,2.3,0.3
374,79350.0,0.0,1.8,0.35
375,0.0,0.0,0.0,0.0
376,0.0,0.0,0.0,0.0
377,71169.0,0.0,3.0,0.32
378,83610.66666666667,66800.0,1.3,0.2733333333333334
379,91490.33333333333,32456.0,1.9333333333333333,0.3
380,59408.0,0.0,3.0,0.32
381,0.0,0.0,0.0,0.0
382,0.0,0.0,0.0,0.0
383,0.0,0.0,0.0,0.0
384,73961.0,33106.0,2.9,0.26
385,48598.0,49769.0,2.0,0.3
386,62650.5,54392.0,2.15,0.385
387,54483.5,57833.333333333336,1.575,0.3075
388,66349.0,6521.0,1.2,0.3
389,74447.0,46750.0,1.9,0.275
390,68816.0,54350.0,1.8,0.37
391,0.0,0.0,0.0,0.0
392,0.0,0.0,0.0,0.0
393,97093.0,0.0,1.8,0.35
394,97108.0,5621.0,3.0,0.35
395,0.0,0.0,0.0,0.0
396,0.0,0.0,0.0,0.0
397,126748.5,1000.0,1.45,0.275
398,0.0,0.0,0.0,0.0
399,0.0,0.0,0.0,0.0
400,83090.5,35000.0,2.0,0.3
401,106961.0,12000.0,1.8,0.3
402,74976.5,28105.0,1.5,0.3
403,63216.0,8545.0,2.0,0.35
404,56418.5,18000.0,1.55,0.35
405,61610.0,0.0,1.9,0.3
406,70537.0,0.0,1.7,0.3
407,0.0,0.0,0.0,0.0
408,0.0,0.0,0.0,0.0
409,0.0,0.0,0.0,0.0
410,63928.0,0.0,2.0,0.3
411,0.0,0.0,0.0,0.0
412,0.0,0.0,0.0,0.0
413,49985.5,25400.0,1.4562499999999998,0.25875
414,0.0,0.0,0.0,0.0
415,71121.0,790000.0,1.2,0.35
416,0.0,0.0,0.0,0.0
417,0.0,0.0,0.0,0.0
418,81493.0,22000.0,1.8,0.3516666666666666
419,0.0,0.0,0.0,0.0
420,0.0,0.0,0.0,0.0
421,92820.0,0.0,2.7,0.44
422,52599.4,26450.0,1.5,0.32999999999999996
423,0.0,0.0,0.0,0.0
424,0.0,0.0,0.0,0.0
425,0.0,0.0,0.0,0.0
426,66168.0,3105.0,1.35,0.32499999999999996
427,68282.0,6521.0,1.65,0.225
428,0.0,0.0,0.0,0.0
429,0.0,0.0,0.0,0.0
430,66613.0,3210.0,2.5,0.32499999999999996
431,69715.0,0.0,2.3,0.33
432,0.0,0.0,0.0,0.0
433,0.0,0.0,0.0,0.0
434,0.0,0.0,0.0,0.0
435,59878.5,11000.0,2.1,0.375
436,0.0,0.0,0.0,0.0
437,0.0,0.0,0.0,0.0
438,61908.0,13000.0,1.5499999999999998,0.25
439,0.0,0.0,0.0,0.0
440,0.0,0.0,0.0,0.0
441,0.0,0.0,0.0,0.0
442,63922.0,3600.0,2.1,0.31
443,66680.0,0.0,1.75,0.35
444,83139.0,5380.0,4.5,0.38
445,65420.0,0.0,1.6,0.35
446,0.0,0.0,0.0,0.0
447,0.0,0.0,0.0,0.0
448,0.0,0.0,0.0,0.0
449,0.0,0.0,0.0,0.0
450,0.0,0.0,0.0,0.0
451,0.0,0.0,0.0,0.0
452,78722.0,0.0,1.8,0.25
453,0.0,0.0,0.0,0.0
454,80581.0,25441.0,1.8,0.35
455,73809.0,2000.0,1.8,0.25
456,81236.5,32000.0,1.8,0.325
457,78267.0,0.0,1.5,0.3
458,92433.0,27000.0,1.5,0.48
459,94031.0,51000.0,2.3,0.3695
460,72235.0,60750.0,1.9666666666666668,0.3666666666666667
461,0.0,0.0,0.0,0.0
462,0.0,0.0,0.0,0.0
463,0.0,0.0,0.0,0.0
464,0.0,0.0,0.0,0.0
465,0.0,0.0,0.0,0.0
466,0.0,0.0,0.0,0.0
467,0.0,0.0,0.0,0.0
468,0.0,0.0,0.0,0.0
469,0.0,0.0,0.0,0.0
470,97376.33333333333,524300.0,2.7433333333333336,0.31666666666666665
471,85203.0,11000.0,1.8499999999999999,0.3333333333333333
472,83497.4,28000.0,1.46,0.32199999999999995
473,0.0,0.0,0.0,0.0
474,78681.0,30456.0,1.0,0.35
475,82452.0,28940.0,4.0,0.35
476,0.0,0.0,0.0,0.0
477,0.0,0.0,0.0,0.0
478,94704.5,28866.0,1.9300000000000002,0.35
479,0.0,0.0,0.0,0.0
480,93151.66666666667,59527.666666666664,1.6833333333333333,0.3383333333333334
481,67510.0,3800.0,1.0,0.4
482,95420.0,80000.0,2.3,0.42500000000000004
483,0.0,0.0,0.0,0.0
484,0.0,0.0,0.0,0.0
485,0.0,0.0,0.0,0.0
486,0.0,0.0,0.0,0.0
487,0.0,0.0,0.0,0.0
488,0.0,0.0,0.0,0.0
489,0.0,0.0,0.0,0.0
490,0.0,0.0,0.0,0.0
491,0.0,0.0,0.0,0.0
492,0.0,0.0,0.0,0.0
493,0.0,0.0,0.0,0.0
494,0.0,0.0,0.0,0.0
495,0.0,0.0,0.0,0.0
496,0.0,0.0,0.0,0.0
497,0.0,0.0,0.0,0.0
498,0.0,0.0,0.0,0.0
499,0.0,0.0,0.0,0.0
500,0.0,0.0,0.0,0.0
501,0.0,0.0,0.0,0.0
502,0.0,0.0,0.0,0.0
503,0.0,0.0,0.0,0.0
504,66950.0,2100.0,1.5,0.2
505,67365.0,1000.0,1.9,0.35
506,65358.0,0.0,1.5,0.25
507,0.0,0.0,0.0,0.0
508,88961.5,153500.0,1.7,0.30000000000000004
509,92417.0,5300.0,1.6,0.3
510,0.0,0.0,0.0,0.0
511,0.0,0.0,0.0,0.0
512,0.0,0.0,0.0,0.0
513,0.0,0.0,0.0,0.0
514,0.0,0.0,0.0,0.0
515,0.0,0.0,0.0,0.0
516,0.0,0.0,0.0,0.0
517,0.0,0.0,0.0,0.0
518,0.0,0.0,0.0,0.0
519,0.0,0.0,0.0,0.0
520,130000.0,193116.0,2.2,0.35
521,0.0,0.0,0.0,0.0
522,80257.0,0.0,1.2,0.3
523,81838.0,2600.0,2.2,0.3
524,0.0,0.0,0.0,0.0
525,0.0,0.0,0.0,0.0
526,0.0,0.0,0.0,0.0
527,58807.0,20120.0,1.8,0.35
528,69444.0,30000.0,1.5,0.37
529,0.0,0.0,0.0,0.0
530,0.0,0.0,0.0,0.0
531,98294.0,9000.0,1.9,0.3
532,0.0,0.0,0.0,0.0
533,79303.0,0.0,2.2,0.3
534,77029.0,6000.0,1.75,0.32499999999999996
535,0.0,0.0,0.0,0.0
536,71452.0,8294.0,2.1,0.25
537,98279.0,8500.0,2.08,0.45
538,0.0,0.0,0.0,0.0
539,74890.66666666667,17500.0,2.533333333333333,0.31666666666666665
540,76145.33333333333,84000.0,1.5333333333333332,0.29
541,0.0,0.0,0.0,0.0
542,0.0,0.0,0.0,0.0
543,0.0,0.0,0.0,0.0
544,0.0,0.0,0.0,0.0
545,0.0,0.0,0.0,0.0
546,85450.0,23000.0,1.8,0.35
547,84740.5,12706.0,1.6,0.3
548,84012.0,37000.0,1.75,0.32499999999999996
549,50916.0,2500.0,1.8,0.32499999999999996
550,68389.33333333333,0.0,2.1333333333333333,0.20000000000000004
551,90952.0,41000.0,1.77,0.35
552,0.0,0.0,0.0,0.0
553,0.0,0.0,0.0,0.0
554,74942.5,0.0,2.2,0.25
555,48333.0,0.0,1.6,0.3
556,42012.0,0.0,1.4,0.25
557,0.0,0.0,0.0,0.0
558,0.0,0.0,0.0,0.0
559,0.0,0.0,0.0,0.0
560,0.0,0.0,0.0,0.0
561,0.0,0.0,0.0,0.0
562,0.0,0.0,0.0,0.0
563,81413.0,14000.0,1.8,0.3
564,0.0,0.0,0.0,0.0
565,0.0,0.0,0.0,0.0
566,0.0,0.0,0.0,0.0
567,0.0,0.0,0.0,0.0
568,0.0,0.0,0.0,0.0
569,205579.0,60797.0,2.55,0.52
570,0.0,0.0,0.0,0.0
571,0.0,0.0,0.0,0.0
572,0.0,0.0,0.0,0.0
573,52001.0,0.0,1.6,0.3
574,0.0,0.0,0.0,0.0
575,0.0,0.0,0.0,0.0
576,0.0,0.0,0.0,0.0
577,65188.666666666664,5600.0,0.9666666666666667,0.2333333333333333
578,0.0,0.0,0.0,0.0
579,84177.0,0.0,1.2,0.5
580,0.0,0.0,0.0,0.0
581,83565.0,0.0,1.8,0.35
582,0.0,0.0,0.0,0.0
583,0.0,0.0,0.0,0.0
584,0.0,0.0,0.0,0.0
585,103918.0,2600.0,1.05,0.265
586,116017.0,0.0,1.88,0.35
587,98714.66666666667,30107.5,1.7333333333333334,0.3333333333333333
588,98669.5,2600.0,2.95,0.32499999999999996
589,71753.0,3500.0,1.2,0.3
590,69267.0,0.0,1.2,0.3
591,99052.33333333333,26535.0,1.4333333333333333,0.33666666666666667
592,0.0,0.0,0.0,0.0
593,0.0,0.0,0.0,0.0
594,0.0,0.0,0.0,0.0
595,0.0,0.0,0.0,0.0
596,0.0,0.0,0.0,0.0
597,0.0,0.0,0.0,0.0
598,0.0,0.0,0.0,0.0
599,0.0,0.0,0.0,0.0
600,121234.66666666667,194850.0,1.525,0.3666666666666667
601,0.0,0.0,0.0,0.0
602,77404.0,263266.6666666667,1.7333333333333334,0.3666666666666667
603,0.0,0.0,0.0,0.0
604,0.0,0.0,0.0,0.0
605,0.0,0.0,0.0,0.0
606,0.0,0.0,0.0,0.0
607,0.0,0.0,0.0,0.0
608,0.0,0.0,0.0,0.0
609,0.0,0.0,0.0,0.0
610,71840.0,0.0,2.3,0.34
611,100107.0,6000.0,2.05,0.32499999999999996
612,0.0,0.0,0.0,0.0
613,0.0,0.0,0.0,0.0
614,0.0,0.0,0.0,0.0
615,0.0,0.0,0.0,0.0
616,0.0,0.0,0.0,0.0
617,0.0,0.0,0.0,0.0
618,0.0,0.0,0.0,0.0
619,0.0,0.0,0.0,0.0
620,0.0,0.0,0.0,0.0
621,0.0,0.0,0.0,0.0
622,77813.0,0.0,2.2,0.3
623,95652.0,0.0,1.2,0.3
624,0.0,0.0,0.0,0.0
625,89966.0,0.0,1.8,0.4
626,0.0,0.0,0.0,0.0
627,0.0,0.0,0.0,0.0
628,0.0,0.0,0.0,0.0
629,0.0,0.0,0.0,0.0
630,0.0,0.0,0.0,0.0
631,0.0,0.0,0.0,0.0
632,0.0,0.0,0.0,0.0
633,0.0,0.0,0.0,0.0
634,0.0,0.0,0.0,0.0
635,0.0,0.0,0.0,0.0
636,0.0,0.0,0.0,0.0
637,0.0,0.0,0.0,0.0
638,0.0,0.0,0.0,0.0
639,0.0,0.0,0.0,0.0
640,82500.0,0.0,1.6,0.3
641,0.0,0.0,0.0,0.0
642,0.0,0.0,0.0,0.0
643,0.0,0.0,0.0,0.0
644,0.0,0.0,0.0,0.0
645,0.0,0.0,0.0,0.0
646,0.0,0.0,0.0,0.0
647,0.0,0.0,0.0,0.0
648,0.0,0.0,0.0,0.0
649,0.0,0.0,0.0,0.0
650,0.0,0.0,0.0,0.0
651,0.0,0.0,0.0,0.0
652,0.0,0.0,0.0,0.0
653,83677.0,25000.0,2.0,0.3
654,0.0,0.0,0.0,0.0
655,0.0,0.0,0.0,0.0
656,102563.0,25000.0,1.6,0.35
657,61538.0,0.0,2.7,0.3
658,73372.5,42000.0,2.25,0.36
659,83130.0,275000.0,2.96,0.4
660,75991.0,17000.0,3.5,0.31
661,0.0,0.0,0.0,0.0
662,0.0,0.0,0.0,0.0
663,0.0,0.0,0.0,0.0
664,0.0,0.0,0.0,0.0
665,0.0,0.0,0.0,0.0
666,0.0,0.0,0.0,0.0
667,0.0,0.0,0.0,0.0
668,0.0,0.0,0.0,0.0
669,98638.0,160000.0,1.8,0.35
670,0.0,0.0,0.0,0.0
671,0.0,0.0,0.0,0.0
672,0.0,0.0,0.0,0.0
673,0.0,0.0,0.0,0.0
674,0.0,0.0,0.0,0.0
675,0.0,0.0,0.0,0.0
676,0.0,0.0,0.0,0.0
677,0.0,0.0,0.0,0.0
678,0.0,0.0,0.0,0.0
679,0.0,0.0,0.0,0.0
680,77705.0,10000.0,1.7000000000000002,0.35
681,80336.5,1500.0,0.65,0.35
682,82051.25,13703.333333333334,1.9125,0.38
683,83691.66666666667,20000.0,1.7666666666666666,0.3
684,0.0,0.0,0.0,0.0
685,0.0,0.0,0.0,0.0
686,0.0,0.0,0.0,0.0
687,0.0,0.0,0.0,0.0
688,0.0,0.0,0.0,0.0
689,213601.0,245629.0,2.55,0.521
690,90269.0,5244.0,1.4,0.345
691,90425.5,26000.0,1.4,0.345
692,86542.0,0.0,1.3,0.34
693,0.0,0.0,0.0,0.0
694,0.0,0.0,0.0,0.0
695,0.0,0.0,0.0,0.0
696,90198.0,0.0,2.0,0.43
697,0.0,0.0,0.0,0.0
698,0.0,0.0,0.0,0.0
699,0.0,0.0,0.0,0.0
700,67444.0,112000.0,1.6600000000000001,0.30999999999999994
701,92524.0,10000.0,3.5,0.3
702,88231.0,0.0,1.7000000000000002,0.4
703,80484.0,0.0,1.8,0.32
704,96143.5,130000.0,1.75,0.44
705,68056.0,41000.0,1.1333333333333333,0.25
706,101618.0,0.0,2.1,0.275
707,71617.5,0.0,1.7000000000000002,0.25
708,0.0,0.0,0.0,0.0
709,88450.0,0.0,1.2,0.2
710,82613.0,15000.0,2.15,0.33499999999999996
711,79502.16666666667,60188.333333333336,2.5166666666666666,0.31205
712,91136.8,0.0,1.2,0.3
713,89980.0,46500.0,1.935,0.365
714,94797.0,5900.0,1.64,0.288
715,95482.6,3505.0,1.6600000000000001,0.324
716,82761.0,5114.0,5.0,0.3
717,80492.5,97250.0,1.8833333333333335,0.373
718,0.0,0.0,0.0,0.0
719,0.0,0.0,0.0,0.0
720,160200.0,0.0,0.0,0.0
721,0.0,0.0,0.0,0.0
722,0.0,0.0,0.0,0.0
723,0.0,0.0,0.0,0.0
724,0.0,0.0,0.0,0.0
725,0.0,0.0,0.0,0.0
726,168339.0,0.0,3.23,0.35
727,0.0,0.0,0.0,0.0
728,228814.0,820000.0,3.23,0.35
729,0.0,0.0,0.0,0.0
730,77881.0,21400.0,1.2,0.35
731,0.0,0.0,0.0,0.0
732,0.0,0.0,0.0,0.0
733,88594.0,55000.0,3.3,0.4
734,74798.0,0.0,2.35,0.2
735,95908.0,10000.0,2.3333333333333335,0.2333333333333333
736,77620.0,0.0,2.2,0.32499999999999996
737,90017.2,9250.0,1.4,0.3
738,100019.0,5000.0,1.6333333333333335,0.3
739,101290.33333333333,34483.333333333336,1.8,0.41333333333333333
740,0.0,0.0,0.0,0.0
741,104702.0,167710.5,2.715,0.32499999999999996
742,105179.0,0.0,1.2,0.3
743,0.0,0.0,0.0,0.0
744,0.0,0.0,0.0,0.0
745,0.0,0.0,0.0,0.0
746,0.0,0.0,0.0,0.0
747,82855.5,16762.0,3.025,0.2375
748,101519.0,63000.0,3.7,0.35
749,0.0,0.0,0.0,0.0
750,0.0,0.0,0.0,0.0
751,115905.0,350000.0,1.7,0.48
752,211521.0,150000.0,2.5,0.416
753,222184.0,120653.0,2.5,0.35
754,74000.0,0.0,2.0,0.45
755,98902.0,3000.0,2.07,0.32499999999999996
756,88815.0,20000.0,1.8,0.35
757,91993.5,2000.0,1.85,0.29000000000000004
758,0.0,0.0,0.0,0.0
759,0.0,0.0,0.0,0.0
760,0.0,0.0,0.0,0.0
761,0.0,0.0,0.0,0.0
762,122024.5,135800.0,1.6549999999999998,0.35
763,0.0,0.0,0.0,0.0
764,0.0,0.0,0.0,0.0
765,0.0,0.0,0.0,0.0
766,35177.0,0.0,1.2,0.3
767,0.0,0.0,0.0,0.0
768,0.0,0.0,0.0,0.0
769,92963.25,34106.5,2.325,0.2875
770,89023.33333333333,20750.0,2.5,0.3333333333333333
771,73183.4,0.0,1.6,0.275
772,84953.0,0.0,2.0,0.35
773,74932.5,10915.0,1.8900000000000001,0.415
774,85945.66666666667,8361.333333333334,3.0666666666666664,0.26666666666666666
775,80057.0,3215.0,1.6,0.32499999999999996
776,89685.0,50000.0,1.2,0.35
777,55428.0,0.0,1.4,0.35
778,78340.0,8894.5,1.7,0.262
779,0.0,0.0,0.0,0.0
780,0.0,0.0,0.0,0.0
781,113292.75,52213.5,2.4775,0.386975
782,102194.5,98000.0,2.65,0.45035000000000003
783,79702.5,0.0,3.0,0.345
784,83237.625,13008.2,2.22,0.21875
785,97702.33333333333,48743.333333333336,2.6999999999999997,0.307
786,88501.0,62500.0,2.7,0.175
787,113924.8,61750.0,3.406,0.33399999999999996
788,0.0,0.0,0.0,0.0
789,0.0,0.0,0.0,0.0
790,82058.5,0.0,1.5,0.305
791,54348.5,20000.0,1.2,0.32999999999999996
792,0.0,0.0,0.0,0.0
793,0.0,0.0,0.0,0.0
794,70785.75,5000.0,1.8125,0.3125
795,0.0,0.0,0.0,0.0
796,69624.0,3400.0,2.066666666666667,0.26666666666666666
797,77569.0,0.0,1.2,0.2
798,72763.0,3913.3333333333335,2.566666666666667,0.3
799,71969.33333333333,12100.0,1.6333333333333335,0.31666666666666665
800,70592.0,4500.0,1.716,0.3
801,96211.4,60500.0,1.732,0.327
802,87015.0,9800.0,1.906666666666667,0.3133333333333333
803,89108.0,0.0,1.3,0.29
804,97480.5,16000.0,3.15,0.32999999999999996
805,48074.0,0.0,2.5,0.3
806,96736.0,9300.0,1.8,0.48
807,0.0,0.0,0.0,0.0
808,98145.0,108436.0,1.725,0.31
809,96933.5,39000.0,3.125,0.35
810,68348.375,29588.0,2.0,0.2833333333333333
811,77009.75,13000.0,1.675,0.29333333333333333
812,0.0,0.0,0.0,0.0
813,72218.16666666667,73000.0,1.825,0.3
814,0.0,0.0,0.0,0.0
815,0.0,0.0,0.0,0.0
816,0.0,0.0,0.0,0.0
817,90808.5,1500.0,3.075,0.303
818,0.0,0.0,0.0,0.0
819,76710.0,0.0,5.0,0.29
820,0.0,0.0,0.0,0.0
821,87618.0,100000.0,2.0,0.3
822,83460.66666666667,51232.0,3.4333333333333336,0.3133333333333333
823,0.0,0.0,0.0,0.0
824,74521.5,45000.0,1.8,0.4
825,88527.0,30000.0,2.0,0.3
826,0.0,0.0,0.0,0.0
827,76597.0,23454.0,2.3,0.35
828,95558.5,4800.0,2.15,0.24000000000000002
829,76926.2,34000.0,1.72,0.26
830,79718.0,43500.0,1.8,0.33666666666666667
831,0.0,0.0,0.0,0.0
832,80543.0,45000.0,2.5,0.3
833,86302.0,12000.0,3.0,0.3
834,77892.0,20000.0,2.5,0.35
835,0.0,0.0,0.0,0.0
836,78396.66666666667,5500.0,1.9333333333333333,0.3
837,83185.0,32640.0,2.9,0.45
838,0.0,0.0,0.0,0.0
839,85146.0,64000.0,3.0,0.31
840,112830.0,100000.0,2.0,0.4
841,0.0,0.0,0.0,0.0
842,0.0,0.0,0.0,0.0
843,0.0,0.0,0.0,0.0
844,82206.5,62530.0,2.6,0.3
845,126871.0,0.0,2.0,0.2
846,124959.0,80425.0,3.2375,0.3025
847,108343.75,6521.0,2.8,0.2875
848,0.0,0.0,0.0,0.0
849,170824.0,0.0,2.2,0.45
850,71225.0,9725.0,2.425,0.345
851,0.0,0.0,0.0,0.0
852,59850.0,0.0,1.6,0.2
853,129918.0,0.0,1.5,0.3
854,85194.0,8000.0,2.5,0.3
855,127361.0,29665.5,4.05,0.32499999999999996
856,87047.0,26000.0,2.5,0.5
857,91326.0,25000.0,4.15,0.35
858,0.0,0.0,0.0,0.0
859,79017.0,6400.0,1.73,0.33999999999999997
860,0.0,0.0,0.0,0.0
861,100241.0,85000.0,2.5,0.55
862,79600.0,25000.0,1.6,0.36
863,0.0,0.0,0.0,0.0
864,60905.25,0.0,0.875,0.2833333333333333
865,0.0,0.0,0.0,0.0
866,74808.5,0.0,1.75,0.32499999999999996
867,84263.0,0.0,3.0,0.2
868,74385.0,0.0,1.6,0.35
869,0.0,0.0,0.0,0.0
870,126312.0,50000.0,2.0,0.42
871,98443.0,40000.0,2.3333333333333335,0.35000000000000003
872,119573.33333333333,24448.666666666668,2.516666666666667,0.26333333333333336
873,96204.5,41500.0,3.2,0.2
874,100652.11111111111,5400.0,2.3555555555555556,0.32555555555555554
875,124513.25,53111.5,2.385,0.3725
876,100859.5,73000.0,2.48,0.425
877,96415.16666666667,7158.0,1.1816666666666666,0.26227272727272727
878,135550.0,16000.0,2.85,0.355
879,78260.0,0.0,4.5,0.1
880,124840.66666666667,18290.0,1.2666666666666666,0.3
881,124939.33333333333,105000.0,1.3533333333333335,0.31666666666666665
882,101739.76923076923,15666.666666666666,1.7461538461538462,0.2715384615384615
883,0.0,0.0,0.0,0.0
884,126485.5,200000.0,3.25,0.36145000000000005
885,0.0,0.0,0.0,0.0
886,114848.0,0.0,1.8,0.18
887,104074.66666666667,20120.0,4.933333333333334,0.26666666666666666
888,105593.0,24500.0,1.775,0.255
889,0.0,0.0,0.0,0.0
890,97407.0,14000.0,2.1,0.25
891,88116.0,20000.0,3.0,0.2
892,84730.0,0.0,1.9,0.2
893,76576.5,30000.0,2.0425,0.2375
894,87632.0,0.0,1.6,0.3
895,79508.66666666667,251250.0,2.066666666666667,0.2866666666666667
896,90097.0,35000.0,1.2,0.2
897,92514.0,0.0,2.6,0.36
898,87923.5,145500.0,2.5116666666666667,0.31666666666666665
899,89298.0,5960.0,1.98,0.3
900,99443.66666666667,6800.0,1.4966666666666668,0.29
901,73565.75,0.0,1.975,0.3125
902,0.0,0.0,0.0,0.0
903,89859.8,5900.0,2.1559999999999997,0.2826
904,85667.5,2000.0,1.75,0.33
905,67117.5,0.0,1.35,0.2
906,72199.0,0.0,1.85,0.32499999999999996
907,0.0,0.0,0.0,0.0
908,89231.53846153847,10704.0,1.4769230769230768,0.2692307692307692
909,87179.0,30000.0,2.0,0.35
910,74288.69230769231,10806.666666666666,1.8461538461538463,0.2791666666666667
911,85563.14285714286,50000.0,2.9185714285714286,0.32857142857142857
912,77650.0,18602.333333333332,2.6,0.286
913,110303.0,0.0,2.425,0.365
914,61618.375,66600.0,1.5374999999999999,0.275
915,101533.5,0.0,1.95,0.2
916,127840.0,0.0,1.2,0.3
917,103247.33333333333,94000.0,3.18,0.37333333333333335
918,97870.0,100000.0,4.3,0.4
919,129330.66666666667,190500.0,3.5233333333333334,0.3517333333333333
920,84594.66666666667,38877.333333333336,2.146666666666667,0.4666666666666666
921,97726.0,20000.0,2.5,0.2
922,121537.66666666667,54600.0,1.8,0.31666666666666665
923,103518.8,4825.0,2.1399999999999997,0.21400000000000002
924,0.0,0.0,0.0,0.0
925,115207.0,0.0,4.0,0.3
926,64340.0,32000.0,2.5,0.2
927,142500.0,50000.0,1.8,0.38
928,141203.66666666666,1000.0,0.9333333333333332,0.2333333333333333
929,63906.0,20103.0,1.4000000000000001,0.3
930,80337.0,9500.0,1.65,0.225
931,87960.8,0.0,1.44,0.26
932,106955.0,16260.0,1.534,0.29
933,129707.0,58760.0,0.9800000000000001,0.32333333333333336
934,142811.75,10000.0,1.325,0.275
935,124984.375,40485.5,1.5975,0.3271428571428571
936,128642.9375,5996.0,1.375,0.288125
937,128987.16666666667,18495.0,1.3833333333333335,0.2833333333333333
938,131679.5,3000.0,1.15,0.2875
939,125086.1,5169.0,1.51,0.28900000000000003
940,129657.64285714286,53255.2,0.9928571428571429,0.28285714285714286
941,150270.5,0.0,2.125,0.2625
942,101538.0,0.0,0.5,0.3
943,143806.0,0.0,1.025,0.2625
944,133212.0,6422.0,1.3,0.26666666666666666
945,123368.5,0.0,1.1083333333333334,0.2625
946,138541.33333333334,27545.0,1.1111111111111112,0.2875
947,126578.5,1052.0,1.3,0.3125
948,122672.875,7998.0,1.3875,0.2825
949,80159.5,35548.0,1.3,0.2914285714285714
950,69459.57142857143,18167.666666666668,1.9514285714285715,0.25
951,106826.0,0.0,2.8,0.2
952,140282.77777777778,47605.5,1.5333333333333332,0.3277777777777778
953,110337.21739130435,12940.0,1.173913043478261,0.28857142857142853
954,130800.03703703704,4597.666666666667,1.092857142857143,0.30519999999999997
955,116437.94444444444,3000.0,1.0916666666666666,0.258125
956,133494.16129032258,13497.166666666666,1.0541935483870968,0.2986206896551724
957,93023.61538461539,0.0,0.9846153846153846,0.25833333333333336
958,127374.19047619047,12066.666666666666,1.231818181818182,0.28238095238095234
959,119070.27272727272,12915.714285714286,1.4459090909090908,0.29090909090909095
960,135256.16666666666,20000.0,1.2833333333333334,0.25833333333333336
961,138949.0,0.0,0.99,0.259
962,116585.63636363637,4000.0,1.2181818181818183,0.272
963,146628.2,14869.0,1.16,0.308
964,143019.5,0.0,2.2,0.2
965,141629.33333333334,5790.0,1.7666666666666668,0.2333333333333333
966,126125.88888888889,9860.0,1.0666666666666667,0.29777777777777775
967,120882.1,0.0,0.93,0.26333333333333336
968,145432.83333333334,14933.333333333334,1.8499999999999999,0.26666666666666666
969,137262.0,0.0,1.2,0.3
970,142500.0,0.0,1.0,0.35
971,118664.15384615384,35573.2,1.2076923076923076,0.3558333333333333
972,132143.69565217392,48575.5,1.0217391304347827,0.3190909090909091
973,129975.46153846153,10340.666666666666,1.3615384615384616,0.28615384615384615
974,129706.75,2920.0,1.475,0.3125
975,134903.66666666666,1280.0,0.8333333333333334,0.3225
976,140086.5,3073.6666666666665,1.45,0.3125
977,126662.0,7950.0,0.8977777777777778,0.33714285714285713
978,0.0,0.0,0.0,0.0
979,134393.2857142857,7371.5,1.4214285714285713,0.27307692307692305
980,130230.94444444444,7138.0,1.0944444444444443,0.2866666666666667
981,126445.875,14378.5,1.3305882352941176,0.3
982,142500.0,0.0,1.6,0.3
983,135453.07692307694,113752.0,1.2153846153846155,0.27909090909090906
984,131983.875,678.0,1.3375,0.32
985,130372.09677419355,56566.25,0.9935483870967742,0.2803333333333333
986,115721.33333333333,150000.0,1.8333333333333333,0.29
987,123065.08333333333,10270.0,1.8666666666666665,0.2891666666666666
988,116726.6,20707.0,1.075,0.27944444444444444
989,0.0,0.0,0.0,0.0
990,0.0,0.0,0.0,0.0
991,84825.0,30230.5,1.8,0.3833333333333333
992,0.0,0.0,0.0,0.0
993,0.0,0.0,0.0,0.0
